Estado,Año,Sector,PIB (millones de pesos)
Aguascalientes,2003,Primario,1891373
Aguascalientes,2003,Secundario,1947285
Aguascalientes,2003,Terciario,2018998
Aguascalientes,2004,Primario,625947
Aguascalientes,2004,Secundario,2493915
Aguascalientes,2004,Terciario,1014786
Aguascalientes,2005,Primario,1418270
Aguascalientes,2005,Secundario,136499
Aguascalientes,2005,Terciario,1458778
Aguascalientes,2006,Primario,2422916
Aguascalientes,2006,Secundario,1291067
Aguascalientes,2006,Terciario,1866214
Aguascalientes,2007,Primario,1015958
Aguascalientes,2007,Secundario,605682
Aguascalientes,2007,Terciario,2425028
Aguascalientes,2008,Primario,352736
Aguascalientes,2008,Secundario,1516832
Aguascalientes,2008,Terciario,1128697
Aguascalientes,2009,Primario,128277
Aguascalientes,2009,Secundario,1631225
Aguascalientes,2009,Terciario,1383084
Aguascalientes,2010,Primario,296162
Aguascalientes,2010,Secundario,346766
Aguascalientes,2010,Terciario,1356867
Aguascalientes,2011,Primario,1950173
Aguascalientes,2011,Secundario,113649
Aguascalientes,2011,Terciario,312778
Aguascalientes,2012,Primario,228899
Aguascalientes,2012,Secundario,1280191
Aguascalientes,2012,Terciario,1736453
Aguascalientes,2013,Primario,770385
Aguascalientes,2013,Secundario,1001959
Aguascalientes,2013,Terciario,1412338
Aguascalientes,2014,Primario,515181
Aguascalientes,2014,Secundario,1522495
Aguascalientes,2014,Terciario,138420
Aguascalientes,2015,Primario,1367764
Aguascalientes,2015,Secundario,1200109
Aguascalientes,2015,Terciario,256149
Aguascalientes,2016,Primario,2448046
Aguascalientes,2016,Secundario,2265903
Aguascalientes,2016,Terciario,207689
Aguascalientes,2017,Primario,599550
Aguascalientes,2017,Secundario,2032884
Aguascalientes,2017,Terciario,1355106
Aguascalientes,2018,Primario,977894
Aguascalientes,2018,Secundario,149515
Aguascalientes,2018,Terciario,1245028
Aguascalientes,2019,Primario,345447
Aguascalientes,2019,Secundario,479355
Aguascalientes,2019,Terciario,639108
Aguascalientes,2020,Primario,2041081
Aguascalientes,2020,Secundario,1174164
Aguascalientes,2020,Terciario,2178528
Aguascalientes,2021,Primario,207859
Aguascalientes,2021,Secundario,681048
Aguascalientes,2021,Terciario,1377521
Aguascalientes,2022,Primario,1491343
Aguascalientes,2022,Secundario,639103
Aguascalientes,2022,Terciario,1350622
Aguascalientes,2023,Primario,1420131
Aguascalientes,2023,Secundario,1100778
Aguascalientes,2023,Terciario,1652429
Baja California,2003,Primario,1669973
Baja California,2003,Secundario,1310449
Baja California,2003,Terciario,2391507
Baja California,2004,Primario,25574
Baja California,2004,Secundario,1694360
Baja California,2004,Terciario,444472
Baja California,2005,Primario,1216661
Baja California,2005,Secundario,623947
Baja California,2005,Terciario,1965856
Baja California,2006,Primario,335347
Baja California,2006,Secundario,1364790
Baja California,2006,Terciario,1408800
Baja California,2007,Primario,587832
Baja California,2007,Secundario,1411000
Baja California,2007,Terciario,238685
Baja California,2008,Primario,2050834
Baja California,2008,Secundario,2199452
Baja California,2008,Terciario,1316633
Baja California,2009,Primario,2322579
Baja California,2009,Secundario,805167
Baja California,2009,Terciario,1918392
Baja California,2010,Primario,2226737
Baja California,2010,Secundario,1861052
Baja California,2010,Terciario,992148
Baja California,2011,Primario,2019059
Baja California,2011,Secundario,762216
Baja California,2011,Terciario,756795
Baja California,2012,Primario,1053376
Baja California,2012,Secundario,555947
Baja California,2012,Terciario,90593
Baja California,2013,Primario,1056253
Baja California,2013,Secundario,234649
Baja California,2013,Terciario,1344086
Baja California,2014,Primario,2281575
Baja California,2014,Secundario,1517624
Baja California,2014,Terciario,1632194
Baja California,2015,Primario,1319897
Baja California,2015,Secundario,2270100
Baja California,2015,Terciario,1650406
Baja California,2016,Primario,823661
Baja California,2016,Secundario,81358
Baja California,2016,Terciario,2119649
Baja California,2017,Primario,1785439
Baja California,2017,Secundario,945905
Baja California,2017,Terciario,792801
Baja California,2018,Primario,2253232
Baja California,2018,Secundario,350697
Baja California,2018,Terciario,154207
Baja California,2019,Primario,1525523
Baja California,2019,Secundario,1490168
Baja California,2019,Terciario,630249
Baja California,2020,Primario,2346874
Baja California,2020,Secundario,205289
Baja California,2020,Terciario,950234
Baja California,2021,Primario,1395772
Baja California,2021,Secundario,1268160
Baja California,2021,Terciario,2044568
Baja California,2022,Primario,1757392
Baja California,2022,Secundario,59740
Baja California,2022,Terciario,1889558
Baja California,2023,Primario,2082893
Baja California,2023,Secundario,1916218
Baja California,2023,Terciario,641315
Baja California Sur,2003,Primario,2096728
Baja California Sur,2003,Secundario,1735325
Baja California Sur,2003,Terciario,2417113
Baja California Sur,2004,Primario,1632294
Baja California Sur,2004,Secundario,888508
Baja California Sur,2004,Terciario,1170374
Baja California Sur,2005,Primario,207309
Baja California Sur,2005,Secundario,505718
Baja California Sur,2005,Terciario,760662
Baja California Sur,2006,Primario,1251453
Baja California Sur,2006,Secundario,107871
Baja California Sur,2006,Terciario,748775
Baja California Sur,2007,Primario,1765472
Baja California Sur,2007,Secundario,1436421
Baja California Sur,2007,Terciario,686282
Baja California Sur,2008,Primario,967713
Baja California Sur,2008,Secundario,1228896
Baja California Sur,2008,Terciario,1994429
Baja California Sur,2009,Primario,2492416
Baja California Sur,2009,Secundario,336437
Baja California Sur,2009,Terciario,1853781
Baja California Sur,2010,Primario,2179676
Baja California Sur,2010,Secundario,1918802
Baja California Sur,2010,Terciario,746103
Baja California Sur,2011,Primario,1043670
Baja California Sur,2011,Secundario,837731
Baja California Sur,2011,Terciario,242472
Baja California Sur,2012,Primario,2441243
Baja California Sur,2012,Secundario,1512177
Baja California Sur,2012,Terciario,2158135
Baja California Sur,2013,Primario,848237
Baja California Sur,2013,Secundario,1211555
Baja California Sur,2013,Terciario,1614774
Baja California Sur,2014,Primario,2395890
Baja California Sur,2014,Secundario,1082293
Baja California Sur,2014,Terciario,230999
Baja California Sur,2015,Primario,1659178
Baja California Sur,2015,Secundario,393803
Baja California Sur,2015,Terciario,1499949
Baja California Sur,2016,Primario,1481864
Baja California Sur,2016,Secundario,1707145
Baja California Sur,2016,Terciario,375717
Baja California Sur,2017,Primario,1688227
Baja California Sur,2017,Secundario,535892
Baja California Sur,2017,Terciario,533340
Baja California Sur,2018,Primario,1498827
Baja California Sur,2018,Secundario,979586
Baja California Sur,2018,Terciario,1125541
Baja California Sur,2019,Primario,1921441
Baja California Sur,2019,Secundario,871833
Baja California Sur,2019,Terciario,348050
Baja California Sur,2020,Primario,1426998
Baja California Sur,2020,Secundario,515678
Baja California Sur,2020,Terciario,105132
Baja California Sur,2021,Primario,2191520
Baja California Sur,2021,Secundario,40722
Baja California Sur,2021,Terciario,406496
Baja California Sur,2022,Primario,141928
Baja California Sur,2022,Secundario,849990
Baja California Sur,2022,Terciario,382733
Baja California Sur,2023,Primario,466349
Baja California Sur,2023,Secundario,1392525
Baja California Sur,2023,Terciario,626024
Campeche,2003,Primario,832290
Campeche,2003,Secundario,1886826
Campeche,2003,Terciario,729067
Campeche,2004,Primario,189900
Campeche,2004,Secundario,321484
Campeche,2004,Terciario,1531340
Campeche,2005,Primario,698946
Campeche,2005,Secundario,731010
Campeche,2005,Terciario,423443
Campeche,2006,Primario,1265199
Campeche,2006,Secundario,1293637
Campeche,2006,Terciario,945785
Campeche,2007,Primario,2077948
Campeche,2007,Secundario,1681372
Campeche,2007,Terciario,1448951
Campeche,2008,Primario,1143396
Campeche,2008,Secundario,769606
Campeche,2008,Terciario,2426249
Campeche,2009,Primario,89610
Campeche,2009,Secundario,703993
Campeche,2009,Terciario,665136
Campeche,2010,Primario,2383980
Campeche,2010,Secundario,588621
Campeche,2010,Terciario,1650234
Campeche,2011,Primario,148277
Campeche,2011,Secundario,760131
Campeche,2011,Terciario,2086608
Campeche,2012,Primario,138064
Campeche,2012,Secundario,1288723
Campeche,2012,Terciario,1830086
Campeche,2013,Primario,892584
Campeche,2013,Secundario,1819611
Campeche,2013,Terciario,1795745
Campeche,2014,Primario,567137
Campeche,2014,Secundario,2488663
Campeche,2014,Terciario,635280
Campeche,2015,Primario,1772265
Campeche,2015,Secundario,1540108
Campeche,2015,Terciario,868774
Campeche,2016,Primario,1606344
Campeche,2016,Secundario,86817
Campeche,2016,Terciario,53713
Campeche,2017,Primario,2109640
Campeche,2017,Secundario,171286
Campeche,2017,Terciario,1073307
Campeche,2018,Primario,1948048
Campeche,2018,Secundario,1827201
Campeche,2018,Terciario,133719
Campeche,2019,Primario,795887
Campeche,2019,Secundario,2389685
Campeche,2019,Terciario,2079726
Campeche,2020,Primario,1339590
Campeche,2020,Secundario,1651856
Campeche,2020,Terciario,150641
Campeche,2021,Primario,1736097
Campeche,2021,Secundario,1724759
Campeche,2021,Terciario,1095806
Campeche,2022,Primario,1044506
Campeche,2022,Secundario,1827509
Campeche,2022,Terciario,2292674
Campeche,2023,Primario,126483
Campeche,2023,Secundario,2024914
Campeche,2023,Terciario,619953
Coahuila,2003,Primario,1846489
Coahuila,2003,Secundario,148327
Coahuila,2003,Terciario,406914
Coahuila,2004,Primario,2141743
Coahuila,2004,Secundario,1340302
Coahuila,2004,Terciario,696361
Coahuila,2005,Primario,2316160
Coahuila,2005,Secundario,1622066
Coahuila,2005,Terciario,521644
Coahuila,2006,Primario,474757
Coahuila,2006,Secundario,777066
Coahuila,2006,Terciario,1951837
Coahuila,2007,Primario,983439
Coahuila,2007,Secundario,447587
Coahuila,2007,Terciario,1312516
Coahuila,2008,Primario,2064082
Coahuila,2008,Secundario,2131355
Coahuila,2008,Terciario,1370272
Coahuila,2009,Primario,1346944
Coahuila,2009,Secundario,2453235
Coahuila,2009,Terciario,275610
Coahuila,2010,Primario,780743
Coahuila,2010,Secundario,1705389
Coahuila,2010,Terciario,986539
Coahuila,2011,Primario,2236452
Coahuila,2011,Secundario,1581753
Coahuila,2011,Terciario,818070
Coahuila,2012,Primario,1184431
Coahuila,2012,Secundario,2212795
Coahuila,2012,Terciario,1773642
Coahuila,2013,Primario,2080292
Coahuila,2013,Secundario,1994932
Coahuila,2013,Terciario,887079
Coahuila,2014,Primario,974806
Coahuila,2014,Secundario,1109677
Coahuila,2014,Terciario,812784
Coahuila,2015,Primario,730940
Coahuila,2015,Secundario,1345116
Coahuila,2015,Terciario,1752618
Coahuila,2016,Primario,1556118
Coahuila,2016,Secundario,929662
Coahuila,2016,Terciario,261910
Coahuila,2017,Primario,2199890
Coahuila,2017,Secundario,2153004
Coahuila,2017,Terciario,1650676
Coahuila,2018,Primario,2264749
Coahuila,2018,Secundario,1036306
Coahuila,2018,Terciario,1325660
Coahuila,2019,Primario,1778563
Coahuila,2019,Secundario,1142052
Coahuila,2019,Terciario,2382722
Coahuila,2020,Primario,2001712
Coahuila,2020,Secundario,1114537
Coahuila,2020,Terciario,233756
Coahuila,2021,Primario,817475
Coahuila,2021,Secundario,1131486
Coahuila,2021,Terciario,1927790
Coahuila,2022,Primario,2254044
Coahuila,2022,Secundario,908219
Coahuila,2022,Terciario,1162727
Coahuila,2023,Primario,2006214
Coahuila,2023,Secundario,2024911
Coahuila,2023,Terciario,2376800
Colima,2003,Primario,2312018
Colima,2003,Secundario,240860
Colima,2003,Terciario,1073784
Colima,2004,Primario,1975918
Colima,2004,Secundario,146587
Colima,2004,Terciario,1458732
Colima,2005,Primario,2460386
Colima,2005,Secundario,1100945
Colima,2005,Terciario,1503004
Colima,2006,Primario,2319903
Colima,2006,Secundario,499910
Colima,2006,Terciario,668327
Colima,2007,Primario,2231437
Colima,2007,Secundario,51051
Colima,2007,Terciario,2092297
Colima,2008,Primario,2363998
Colima,2008,Secundario,1043514
Colima,2008,Terciario,754655
Colima,2009,Primario,2313153
Colima,2009,Secundario,1352353
Colima,2009,Terciario,2073591
Colima,2010,Primario,763740
Colima,2010,Secundario,909284
Colima,2010,Terciario,335655
Colima,2011,Primario,777726
Colima,2011,Secundario,1210101
Colima,2011,Terciario,1834746
Colima,2012,Primario,110435
Colima,2012,Secundario,1513686
Colima,2012,Terciario,493015
Colima,2013,Primario,1746542
Colima,2013,Secundario,1003977
Colima,2013,Terciario,857972
Colima,2014,Primario,1085332
Colima,2014,Secundario,1721692
Colima,2014,Terciario,1510040
Colima,2015,Primario,1747969
Colima,2015,Secundario,1837889
Colima,2015,Terciario,1726928
Colima,2016,Primario,1664226
Colima,2016,Secundario,328260
Colima,2016,Terciario,2354981
Colima,2017,Primario,2471781
Colima,2017,Secundario,2330315
Colima,2017,Terciario,367116
Colima,2018,Primario,662503
Colima,2018,Secundario,932322
Colima,2018,Terciario,398088
Colima,2019,Primario,916807
Colima,2019,Secundario,984617
Colima,2019,Terciario,2069749
Colima,2020,Primario,547189
Colima,2020,Secundario,1876955
Colima,2020,Terciario,164368
Colima,2021,Primario,2138227
Colima,2021,Secundario,384813
Colima,2021,Terciario,1563829
Colima,2022,Primario,1667460
Colima,2022,Secundario,1399438
Colima,2022,Terciario,1199594
Colima,2023,Primario,51539
Colima,2023,Secundario,2138168
Colima,2023,Terciario,1819306
Chiapas,2003,Primario,2422289
Chiapas,2003,Secundario,265881
Chiapas,2003,Terciario,514929
Chiapas,2004,Primario,2496849
Chiapas,2004,Secundario,632326
Chiapas,2004,Terciario,1991143
Chiapas,2005,Primario,391339
Chiapas,2005,Secundario,1153836
Chiapas,2005,Terciario,1258172
Chiapas,2006,Primario,295652
Chiapas,2006,Secundario,173600
Chiapas,2006,Terciario,2335298
Chiapas,2007,Primario,2101396
Chiapas,2007,Secundario,1587588
Chiapas,2007,Terciario,612339
Chiapas,2008,Primario,256184
Chiapas,2008,Secundario,717629
Chiapas,2008,Terciario,599235
Chiapas,2009,Primario,1399700
Chiapas,2009,Secundario,1453437
Chiapas,2009,Terciario,1480604
Chiapas,2010,Primario,1544858
Chiapas,2010,Secundario,1929970
Chiapas,2010,Terciario,828806
Chiapas,2011,Primario,1243981
Chiapas,2011,Secundario,2056710
Chiapas,2011,Terciario,1254386
Chiapas,2012,Primario,2122931
Chiapas,2012,Secundario,1407631
Chiapas,2012,Terciario,1645206
Chiapas,2013,Primario,238639
Chiapas,2013,Secundario,1950657
Chiapas,2013,Terciario,762211
Chiapas,2014,Primario,2339299
Chiapas,2014,Secundario,1415833
Chiapas,2014,Terciario,1092435
Chiapas,2015,Primario,703437
Chiapas,2015,Secundario,1686706
Chiapas,2015,Terciario,2226538
Chiapas,2016,Primario,1683657
Chiapas,2016,Secundario,1166990
Chiapas,2016,Terciario,800868
Chiapas,2017,Primario,186259
Chiapas,2017,Secundario,1558329
Chiapas,2017,Terciario,1781231
Chiapas,2018,Primario,1596826
Chiapas,2018,Secundario,40481
Chiapas,2018,Terciario,2490894
Chiapas,2019,Primario,990500
Chiapas,2019,Secundario,511413
Chiapas,2019,Terciario,1150549
Chiapas,2020,Primario,2326105
Chiapas,2020,Secundario,2274106
Chiapas,2020,Terciario,108819
Chiapas,2021,Primario,1280359
Chiapas,2021,Secundario,2309808
Chiapas,2021,Terciario,361347
Chiapas,2022,Primario,1837513
Chiapas,2022,Secundario,934330
Chiapas,2022,Terciario,135126
Chiapas,2023,Primario,1883315
Chiapas,2023,Secundario,753806
Chiapas,2023,Terciario,1641378
Chihuahua,2003,Primario,448059
Chihuahua,2003,Secundario,1556929
Chihuahua,2003,Terciario,2496840
Chihuahua,2004,Primario,2463951
Chihuahua,2004,Secundario,534615
Chihuahua,2004,Terciario,1249839
Chihuahua,2005,Primario,2362224
Chihuahua,2005,Secundario,958549
Chihuahua,2005,Terciario,623304
Chihuahua,2006,Primario,2230380
Chihuahua,2006,Secundario,552437
Chihuahua,2006,Terciario,2086487
Chihuahua,2007,Primario,1671565
Chihuahua,2007,Secundario,2161417
Chihuahua,2007,Terciario,1943311
Chihuahua,2008,Primario,1807048
Chihuahua,2008,Secundario,2182627
Chihuahua,2008,Terciario,1020222
Chihuahua,2009,Primario,1944724
Chihuahua,2009,Secundario,2417298
Chihuahua,2009,Terciario,447972
Chihuahua,2010,Primario,1349019
Chihuahua,2010,Secundario,2044308
Chihuahua,2010,Terciario,1965255
Chihuahua,2011,Primario,1228688
Chihuahua,2011,Secundario,288211
Chihuahua,2011,Terciario,1174404
Chihuahua,2012,Primario,1586259
Chihuahua,2012,Secundario,394896
Chihuahua,2012,Terciario,1713288
Chihuahua,2013,Primario,1617051
Chihuahua,2013,Secundario,223880
Chihuahua,2013,Terciario,783411
Chihuahua,2014,Primario,1634061
Chihuahua,2014,Secundario,131365
Chihuahua,2014,Terciario,2300076
Chihuahua,2015,Primario,1716400
Chihuahua,2015,Secundario,972255
Chihuahua,2015,Terciario,506972
Chihuahua,2016,Primario,1388738
Chihuahua,2016,Secundario,2422909
Chihuahua,2016,Terciario,1099941
Chihuahua,2017,Primario,1496059
Chihuahua,2017,Secundario,286023
Chihuahua,2017,Terciario,2172887
Chihuahua,2018,Primario,244767
Chihuahua,2018,Secundario,1157019
Chihuahua,2018,Terciario,1902865
Chihuahua,2019,Primario,2463555
Chihuahua,2019,Secundario,1476582
Chihuahua,2019,Terciario,1977819
Chihuahua,2020,Primario,859103
Chihuahua,2020,Secundario,780066
Chihuahua,2020,Terciario,2168485
Chihuahua,2021,Primario,1350339
Chihuahua,2021,Secundario,1115262
Chihuahua,2021,Terciario,843666
Chihuahua,2022,Primario,2170654
Chihuahua,2022,Secundario,1186142
Chihuahua,2022,Terciario,1968998
Chihuahua,2023,Primario,1339614
Chihuahua,2023,Secundario,1713700
Chihuahua,2023,Terciario,991877
Ciudad de México,2003,Primario,648403
Ciudad de México,2003,Secundario,667116
Ciudad de México,2003,Terciario,2241880
Ciudad de México,2004,Primario,2438128
Ciudad de México,2004,Secundario,2254152
Ciudad de México,2004,Terciario,396815
Ciudad de México,2005,Primario,1026347
Ciudad de México,2005,Secundario,999846
Ciudad de México,2005,Terciario,1254640
Ciudad de México,2006,Primario,1026277
Ciudad de México,2006,Secundario,2032263
Ciudad de México,2006,Terciario,1883720
Ciudad de México,2007,Primario,1243448
Ciudad de México,2007,Secundario,1734541
Ciudad de México,2007,Terciario,1527100
Ciudad de México,2008,Primario,769060
Ciudad de México,2008,Secundario,2498158
Ciudad de México,2008,Terciario,850971
Ciudad de México,2009,Primario,1301639
Ciudad de México,2009,Secundario,566446
Ciudad de México,2009,Terciario,1394066
Ciudad de México,2010,Primario,594805
Ciudad de México,2010,Secundario,1178382
Ciudad de México,2010,Terciario,1022548
Ciudad de México,2011,Primario,306834
Ciudad de México,2011,Secundario,2364375
Ciudad de México,2011,Terciario,1803655
Ciudad de México,2012,Primario,1558142
Ciudad de México,2012,Secundario,799336
Ciudad de México,2012,Terciario,506834
Ciudad de México,2013,Primario,1182971
Ciudad de México,2013,Secundario,242217
Ciudad de México,2013,Terciario,1865664
Ciudad de México,2014,Primario,620784
Ciudad de México,2014,Secundario,103895
Ciudad de México,2014,Terciario,2327007
Ciudad de México,2015,Primario,792216
Ciudad de México,2015,Secundario,1991584
Ciudad de México,2015,Terciario,528748
Ciudad de México,2016,Primario,1267666
Ciudad de México,2016,Secundario,30667
Ciudad de México,2016,Terciario,1234931
Ciudad de México,2017,Primario,695543
Ciudad de México,2017,Secundario,751633
Ciudad de México,2017,Terciario,213004
Ciudad de México,2018,Primario,2005326
Ciudad de México,2018,Secundario,468680
Ciudad de México,2018,Terciario,67598
Ciudad de México,2019,Primario,1182234
Ciudad de México,2019,Secundario,478849
Ciudad de México,2019,Terciario,162615
Ciudad de México,2020,Primario,923034
Ciudad de México,2020,Secundario,1686825
Ciudad de México,2020,Terciario,2147001
Ciudad de México,2021,Primario,29837
Ciudad de México,2021,Secundario,526026
Ciudad de México,2021,Terciario,479729
Ciudad de México,2022,Primario,2438161
Ciudad de México,2022,Secundario,1846586
Ciudad de México,2022,Terciario,738892
Ciudad de México,2023,Primario,46792
Ciudad de México,2023,Secundario,2341963
Ciudad de México,2023,Terciario,1405156
Durango,2003,Primario,2495984
Durango,2003,Secundario,2174467
Durango,2003,Terciario,719587
Durango,2004,Primario,1009742
Durango,2004,Secundario,2366793
Durango,2004,Terciario,2284272
Durango,2005,Primario,1800804
Durango,2005,Secundario,497662
Durango,2005,Terciario,2466773
Durango,2006,Primario,1417298
Durango,2006,Secundario,1514838
Durango,2006,Terciario,492605
Durango,2007,Primario,2435661
Durango,2007,Secundario,572217
Durango,2007,Terciario,998813
Durango,2008,Primario,975151
Durango,2008,Secundario,1434189
Durango,2008,Terciario,1403094
Durango,2009,Primario,870238
Durango,2009,Secundario,2363591
Durango,2009,Terciario,2408522
Durango,2010,Primario,2344761
Durango,2010,Secundario,298151
Durango,2010,Terciario,1330640
Durango,2011,Primario,1071703
Durango,2011,Secundario,1536455
Durango,2011,Terciario,1494471
Durango,2012,Primario,1898729
Durango,2012,Secundario,2348529
Durango,2012,Terciario,1916914
Durango,2013,Primario,90132
Durango,2013,Secundario,551926
Durango,2013,Terciario,464176
Durango,2014,Primario,1139748
Durango,2014,Secundario,1848086
Durango,2014,Terciario,2441937
Durango,2015,Primario,2040292
Durango,2015,Secundario,124425
Durango,2015,Terciario,896092
Durango,2016,Primario,1514567
Durango,2016,Secundario,1022983
Durango,2016,Terciario,1465815
Durango,2017,Primario,800578
Durango,2017,Secundario,148469
Durango,2017,Terciario,2465861
Durango,2018,Primario,2107029
Durango,2018,Secundario,1003427
Durango,2018,Terciario,332647
Durango,2019,Primario,1353025
Durango,2019,Secundario,502949
Durango,2019,Terciario,757117
Durango,2020,Primario,2293794
Durango,2020,Secundario,955365
Durango,2020,Terciario,430403
Durango,2021,Primario,1039278
Durango,2021,Secundario,409940
Durango,2021,Terciario,2441003
Durango,2022,Primario,730367
Durango,2022,Secundario,620750
Durango,2022,Terciario,1381849
Durango,2023,Primario,1324578
Durango,2023,Secundario,2283451
Durango,2023,Terciario,1564269
Guanajuato,2003,Primario,1888340
Guanajuato,2003,Secundario,262305
Guanajuato,2003,Terciario,859680
Guanajuato,2004,Primario,127619
Guanajuato,2004,Secundario,1749214
Guanajuato,2004,Terciario,572864
Guanajuato,2005,Primario,2201972
Guanajuato,2005,Secundario,1456440
Guanajuato,2005,Terciario,1634491
Guanajuato,2006,Primario,318326
Guanajuato,2006,Secundario,551781
Guanajuato,2006,Terciario,1935333
Guanajuato,2007,Primario,1097007
Guanajuato,2007,Secundario,1449616
Guanajuato,2007,Terciario,2430397
Guanajuato,2008,Primario,326919
Guanajuato,2008,Secundario,1958071
Guanajuato,2008,Terciario,1463219
Guanajuato,2009,Primario,1944035
Guanajuato,2009,Secundario,1058825
Guanajuato,2009,Terciario,298604
Guanajuato,2010,Primario,2028253
Guanajuato,2010,Secundario,1071182
Guanajuato,2010,Terciario,1950521
Guanajuato,2011,Primario,315594
Guanajuato,2011,Secundario,710250
Guanajuato,2011,Terciario,1693836
Guanajuato,2012,Primario,2198297
Guanajuato,2012,Secundario,484795
Guanajuato,2012,Terciario,88925
Guanajuato,2013,Primario,1971978
Guanajuato,2013,Secundario,2079390
Guanajuato,2013,Terciario,1745310
Guanajuato,2014,Primario,659584
Guanajuato,2014,Secundario,2074766
Guanajuato,2014,Terciario,293933
Guanajuato,2015,Primario,1166936
Guanajuato,2015,Secundario,1128985
Guanajuato,2015,Terciario,293981
Guanajuato,2016,Primario,940012
Guanajuato,2016,Secundario,1456832
Guanajuato,2016,Terciario,333852
Guanajuato,2017,Primario,1579978
Guanajuato,2017,Secundario,1468994
Guanajuato,2017,Terciario,1101617
Guanajuato,2018,Primario,2318090
Guanajuato,2018,Secundario,1399253
Guanajuato,2018,Terciario,2102882
Guanajuato,2019,Primario,1078138
Guanajuato,2019,Secundario,115491
Guanajuato,2019,Terciario,432041
Guanajuato,2020,Primario,104998
Guanajuato,2020,Secundario,1175221
Guanajuato,2020,Terciario,417319
Guanajuato,2021,Primario,146946
Guanajuato,2021,Secundario,598478
Guanajuato,2021,Terciario,657428
Guanajuato,2022,Primario,1198128
Guanajuato,2022,Secundario,242880
Guanajuato,2022,Terciario,2254566
Guanajuato,2023,Primario,2318741
Guanajuato,2023,Secundario,1772443
Guanajuato,2023,Terciario,580316
Guerrero,2003,Primario,419295
Guerrero,2003,Secundario,1449463
Guerrero,2003,Terciario,1007147
Guerrero,2004,Primario,2144795
Guerrero,2004,Secundario,1159471
Guerrero,2004,Terciario,1831603
Guerrero,2005,Primario,598796
Guerrero,2005,Secundario,1716773
Guerrero,2005,Terciario,824764
Guerrero,2006,Primario,1615148
Guerrero,2006,Secundario,1427393
Guerrero,2006,Terciario,800979
Guerrero,2007,Primario,2023574
Guerrero,2007,Secundario,1708769
Guerrero,2007,Terciario,1792612
Guerrero,2008,Primario,2141920
Guerrero,2008,Secundario,174508
Guerrero,2008,Terciario,2383846
Guerrero,2009,Primario,235832
Guerrero,2009,Secundario,1533387
Guerrero,2009,Terciario,1835485
Guerrero,2010,Primario,1056642
Guerrero,2010,Secundario,879183
Guerrero,2010,Terciario,2046663
Guerrero,2011,Primario,2270071
Guerrero,2011,Secundario,2088441
Guerrero,2011,Terciario,1042827
Guerrero,2012,Primario,1356201
Guerrero,2012,Secundario,1027362
Guerrero,2012,Terciario,2421717
Guerrero,2013,Primario,2066011
Guerrero,2013,Secundario,1091010
Guerrero,2013,Terciario,2268634
Guerrero,2014,Primario,2126908
Guerrero,2014,Secundario,410582
Guerrero,2014,Terciario,894248
Guerrero,2015,Primario,609374
Guerrero,2015,Secundario,41830
Guerrero,2015,Terciario,241027
Guerrero,2016,Primario,189634
Guerrero,2016,Secundario,613210
Guerrero,2016,Terciario,1143752
Guerrero,2017,Primario,545654
Guerrero,2017,Secundario,1814180
Guerrero,2017,Terciario,269419
Guerrero,2018,Primario,1922481
Guerrero,2018,Secundario,1275577
Guerrero,2018,Terciario,1400342
Guerrero,2019,Primario,884728
Guerrero,2019,Secundario,2390265
Guerrero,2019,Terciario,814927
Guerrero,2020,Primario,2259469
Guerrero,2020,Secundario,1724540
Guerrero,2020,Terciario,2374716
Guerrero,2021,Primario,2118023
Guerrero,2021,Secundario,1176019
Guerrero,2021,Terciario,1454331
Guerrero,2022,Primario,1039979
Guerrero,2022,Secundario,1121336
Guerrero,2022,Terciario,1761064
Guerrero,2023,Primario,2020318
Guerrero,2023,Secundario,633750
Guerrero,2023,Terciario,1985905
Hidalgo,2003,Primario,2493457
Hidalgo,2003,Secundario,2396468
Hidalgo,2003,Terciario,649391
Hidalgo,2004,Primario,1731654
Hidalgo,2004,Secundario,104412
Hidalgo,2004,Terciario,1019050
Hidalgo,2005,Primario,1279282
Hidalgo,2005,Secundario,281479
Hidalgo,2005,Terciario,442692
Hidalgo,2006,Primario,154291
Hidalgo,2006,Secundario,1128397
Hidalgo,2006,Terciario,610558
Hidalgo,2007,Primario,2069985
Hidalgo,2007,Secundario,117630
Hidalgo,2007,Terciario,948769
Hidalgo,2008,Primario,342126
Hidalgo,2008,Secundario,945618
Hidalgo,2008,Terciario,174655
Hidalgo,2009,Primario,898686
Hidalgo,2009,Secundario,1569909
Hidalgo,2009,Terciario,1387109
Hidalgo,2010,Primario,1230959
Hidalgo,2010,Secundario,295253
Hidalgo,2010,Terciario,117328
Hidalgo,2011,Primario,1991502
Hidalgo,2011,Secundario,2494980
Hidalgo,2011,Terciario,247833
Hidalgo,2012,Primario,1759772
Hidalgo,2012,Secundario,2380067
Hidalgo,2012,Terciario,38479
Hidalgo,2013,Primario,161207
Hidalgo,2013,Secundario,189948
Hidalgo,2013,Terciario,1702993
Hidalgo,2014,Primario,897503
Hidalgo,2014,Secundario,1556001
Hidalgo,2014,Terciario,1001559
Hidalgo,2015,Primario,1730630
Hidalgo,2015,Secundario,2076500
Hidalgo,2015,Terciario,1834780
Hidalgo,2016,Primario,1614750
Hidalgo,2016,Secundario,1828754
Hidalgo,2016,Terciario,2316400
Hidalgo,2017,Primario,1683008
Hidalgo,2017,Secundario,945575
Hidalgo,2017,Terciario,600368
Hidalgo,2018,Primario,156964
Hidalgo,2018,Secundario,366074
Hidalgo,2018,Terciario,871429
Hidalgo,2019,Primario,69382
Hidalgo,2019,Secundario,1351476
Hidalgo,2019,Terciario,41835
Hidalgo,2020,Primario,480581
Hidalgo,2020,Secundario,2488302
Hidalgo,2020,Terciario,904621
Hidalgo,2021,Primario,1922770
Hidalgo,2021,Secundario,1650397
Hidalgo,2021,Terciario,2221455
Hidalgo,2022,Primario,1937040
Hidalgo,2022,Secundario,2393260
Hidalgo,2022,Terciario,2431695
Hidalgo,2023,Primario,2198150
Hidalgo,2023,Secundario,379679
Hidalgo,2023,Terciario,1842914
Jalisco,2003,Primario,361021
Jalisco,2003,Secundario,407131
Jalisco,2003,Terciario,2443792
Jalisco,2004,Primario,1303076
Jalisco,2004,Secundario,423421
Jalisco,2004,Terciario,154748
Jalisco,2005,Primario,1344702
Jalisco,2005,Secundario,1689236
Jalisco,2005,Terciario,963439
Jalisco,2006,Primario,544068
Jalisco,2006,Secundario,1142241
Jalisco,2006,Terciario,193388
Jalisco,2007,Primario,1378503
Jalisco,2007,Secundario,1228509
Jalisco,2007,Terciario,1850614
Jalisco,2008,Primario,1960979
Jalisco,2008,Secundario,1347328
Jalisco,2008,Terciario,2125163
Jalisco,2009,Primario,1611496
Jalisco,2009,Secundario,110613
Jalisco,2009,Terciario,1482106
Jalisco,2010,Primario,1344865
Jalisco,2010,Secundario,635659
Jalisco,2010,Terciario,361999
Jalisco,2011,Primario,1168164
Jalisco,2011,Secundario,980515
Jalisco,2011,Terciario,1283184
Jalisco,2012,Primario,1174372
Jalisco,2012,Secundario,1804925
Jalisco,2012,Terciario,1135038
Jalisco,2013,Primario,1803078
Jalisco,2013,Secundario,1193124
Jalisco,2013,Terciario,1000281
Jalisco,2014,Primario,1841679
Jalisco,2014,Secundario,1901916
Jalisco,2014,Terciario,292256
Jalisco,2015,Primario,1738050
Jalisco,2015,Secundario,2392685
Jalisco,2015,Terciario,2049297
Jalisco,2016,Primario,1370264
Jalisco,2016,Secundario,907970
Jalisco,2016,Terciario,1238622
Jalisco,2017,Primario,426115
Jalisco,2017,Secundario,415837
Jalisco,2017,Terciario,1426629
Jalisco,2018,Primario,399206
Jalisco,2018,Secundario,2428955
Jalisco,2018,Terciario,1536981
Jalisco,2019,Primario,727298
Jalisco,2019,Secundario,1551422
Jalisco,2019,Terciario,2071211
Jalisco,2020,Primario,453280
Jalisco,2020,Secundario,59281
Jalisco,2020,Terciario,2141127
Jalisco,2021,Primario,787595
Jalisco,2021,Secundario,2002202
Jalisco,2021,Terciario,2204826
Jalisco,2022,Primario,782172
Jalisco,2022,Secundario,1461036
Jalisco,2022,Terciario,1896492
Jalisco,2023,Primario,2362288
Jalisco,2023,Secundario,1818649
Jalisco,2023,Terciario,2096485
México,2003,Primario,1699517
México,2003,Secundario,960130
México,2003,Terciario,1639401
México,2004,Primario,1422747
México,2004,Secundario,412374
México,2004,Terciario,112561
México,2005,Primario,686866
México,2005,Secundario,1486078
México,2005,Terciario,1175594
México,2006,Primario,1651090
México,2006,Secundario,662101
México,2006,Terciario,494000
México,2007,Primario,1709186
México,2007,Secundario,230919
México,2007,Terciario,1947765
México,2008,Primario,2490937
México,2008,Secundario,480027
México,2008,Terciario,1913495
México,2009,Primario,2103464
México,2009,Secundario,339618
México,2009,Terciario,395088
México,2010,Primario,1114802
México,2010,Secundario,663974
México,2010,Terciario,2100477
México,2011,Primario,1317522
México,2011,Secundario,2277745
México,2011,Terciario,235814
México,2012,Primario,581322
México,2012,Secundario,966195
México,2012,Terciario,1252452
México,2013,Primario,627059
México,2013,Secundario,2231654
México,2013,Terciario,1951396
México,2014,Primario,161916
México,2014,Secundario,941454
México,2014,Terciario,59197
México,2015,Primario,1949225
México,2015,Secundario,833789
México,2015,Terciario,1361841
México,2016,Primario,1716244
México,2016,Secundario,1024706
México,2016,Terciario,2153305
México,2017,Primario,62118
México,2017,Secundario,522001
México,2017,Terciario,751237
México,2018,Primario,708299
México,2018,Secundario,1163694
México,2018,Terciario,673559
México,2019,Primario,959786
México,2019,Secundario,1665531
México,2019,Terciario,47187
México,2020,Primario,2155441
México,2020,Secundario,559183
México,2020,Terciario,1041272
México,2021,Primario,1577321
México,2021,Secundario,2265731
México,2021,Terciario,844831
México,2022,Primario,1934894
México,2022,Secundario,1295396
México,2022,Terciario,736732
México,2023,Primario,1984397
México,2023,Secundario,2094017
México,2023,Terciario,1748986
Michoacán,2003,Primario,150387
Michoacán,2003,Secundario,1501374
Michoacán,2003,Terciario,626254
Michoacán,2004,Primario,1276237
Michoacán,2004,Secundario,151000
Michoacán,2004,Terciario,1682869
Michoacán,2005,Primario,1532243
Michoacán,2005,Secundario,2469418
Michoacán,2005,Terciario,2419964
Michoacán,2006,Primario,316195
Michoacán,2006,Secundario,2087985
Michoacán,2006,Terciario,1328096
Michoacán,2007,Primario,1721251
Michoacán,2007,Secundario,2300150
Michoacán,2007,Terciario,2395376
Michoacán,2008,Primario,1087597
Michoacán,2008,Secundario,1921390
Michoacán,2008,Terciario,473011
Michoacán,2009,Primario,1266625
Michoacán,2009,Secundario,1639481
Michoacán,2009,Terciario,1909753
Michoacán,2010,Primario,525185
Michoacán,2010,Secundario,2278299
Michoacán,2010,Terciario,423820
Michoacán,2011,Primario,1772119
Michoacán,2011,Secundario,674073
Michoacán,2011,Terciario,1102742
Michoacán,2012,Primario,1486114
Michoacán,2012,Secundario,720278
Michoacán,2012,Terciario,2031874
Michoacán,2013,Primario,829926
Michoacán,2013,Secundario,2303299
Michoacán,2013,Terciario,758492
Michoacán,2014,Primario,2139471
Michoacán,2014,Secundario,1087714
Michoacán,2014,Terciario,540763
Michoacán,2015,Primario,1853695
Michoacán,2015,Secundario,143833
Michoacán,2015,Terciario,522904
Michoacán,2016,Primario,138115
Michoacán,2016,Secundario,723042
Michoacán,2016,Terciario,1367221
Michoacán,2017,Primario,84443
Michoacán,2017,Secundario,2001628
Michoacán,2017,Terciario,1001555
Michoacán,2018,Primario,2192443
Michoacán,2018,Secundario,1856343
Michoacán,2018,Terciario,1354327
Michoacán,2019,Primario,2038414
Michoacán,2019,Secundario,950902
Michoacán,2019,Terciario,2236108
Michoacán,2020,Primario,2168751
Michoacán,2020,Secundario,231210
Michoacán,2020,Terciario,2429558
Michoacán,2021,Primario,20687
Michoacán,2021,Secundario,1972405
Michoacán,2021,Terciario,780626
Michoacán,2022,Primario,567552
Michoacán,2022,Secundario,892820
Michoacán,2022,Terciario,1704666
Michoacán,2023,Primario,1481422
Michoacán,2023,Secundario,2471140
Michoacán,2023,Terciario,666978
Morelos,2003,Primario,2089244
Morelos,2003,Secundario,745020
Morelos,2003,Terciario,427900
Morelos,2004,Primario,2466832
Morelos,2004,Secundario,1496288
Morelos,2004,Terciario,1647536
Morelos,2005,Primario,91079
Morelos,2005,Secundario,1974659
Morelos,2005,Terciario,1622031
Morelos,2006,Primario,1947210
Morelos,2006,Secundario,2314510
Morelos,2006,Terciario,679584
Morelos,2007,Primario,1454203
Morelos,2007,Secundario,1878923
Morelos,2007,Terciario,210356
Morelos,2008,Primario,1491374
Morelos,2008,Secundario,2351643
Morelos,2008,Terciario,2113063
Morelos,2009,Primario,834912
Morelos,2009,Secundario,2279063
Morelos,2009,Terciario,1786482
Morelos,2010,Primario,562675
Morelos,2010,Secundario,350729
Morelos,2010,Terciario,1036602
Morelos,2011,Primario,1172024
Morelos,2011,Secundario,1290483
Morelos,2011,Terciario,377474
Morelos,2012,Primario,68644
Morelos,2012,Secundario,1583198
Morelos,2012,Terciario,598039
Morelos,2013,Primario,1478872
Morelos,2013,Secundario,770443
Morelos,2013,Terciario,817089
Morelos,2014,Primario,1334568
Morelos,2014,Secundario,2186164
Morelos,2014,Terciario,863145
Morelos,2015,Primario,481936
Morelos,2015,Secundario,670029
Morelos,2015,Terciario,2250501
Morelos,2016,Primario,1226459
Morelos,2016,Secundario,1794572
Morelos,2016,Terciario,1283304
Morelos,2017,Primario,2408907
Morelos,2017,Secundario,542352
Morelos,2017,Terciario,650789
Morelos,2018,Primario,477586
Morelos,2018,Secundario,1204221
Morelos,2018,Terciario,105638
Morelos,2019,Primario,525190
Morelos,2019,Secundario,158563
Morelos,2019,Terciario,74486
Morelos,2020,Primario,259218
Morelos,2020,Secundario,2156795
Morelos,2020,Terciario,1067300
Morelos,2021,Primario,22182
Morelos,2021,Secundario,1555390
Morelos,2021,Terciario,137141
Morelos,2022,Primario,2060000
Morelos,2022,Secundario,1328661
Morelos,2022,Terciario,173959
Morelos,2023,Primario,73002
Morelos,2023,Secundario,934194
Morelos,2023,Terciario,416770
Nayarit,2003,Primario,471503
Nayarit,2003,Secundario,2232860
Nayarit,2003,Terciario,1751783
Nayarit,2004,Primario,1213708
Nayarit,2004,Secundario,2226360
Nayarit,2004,Terciario,1563040
Nayarit,2005,Primario,1944176
Nayarit,2005,Secundario,1666116
Nayarit,2005,Terciario,178048
Nayarit,2006,Primario,23655
Nayarit,2006,Secundario,1506308
Nayarit,2006,Terciario,1541201
Nayarit,2007,Primario,2195784
Nayarit,2007,Secundario,1807273
Nayarit,2007,Terciario,1675190
Nayarit,2008,Primario,2249214
Nayarit,2008,Secundario,55896
Nayarit,2008,Terciario,861432
Nayarit,2009,Primario,255648
Nayarit,2009,Secundario,1138982
Nayarit,2009,Terciario,1421127
Nayarit,2010,Primario,949331
Nayarit,2010,Secundario,1698546
Nayarit,2010,Terciario,1051760
Nayarit,2011,Primario,1155844
Nayarit,2011,Secundario,698925
Nayarit,2011,Terciario,1309875
Nayarit,2012,Primario,2171538
Nayarit,2012,Secundario,59994
Nayarit,2012,Terciario,1230190
Nayarit,2013,Primario,1874212
Nayarit,2013,Secundario,461451
Nayarit,2013,Terciario,661734
Nayarit,2014,Primario,2353025
Nayarit,2014,Secundario,1112651
Nayarit,2014,Terciario,1120755
Nayarit,2015,Primario,2460931
Nayarit,2015,Secundario,2484062
Nayarit,2015,Terciario,274792
Nayarit,2016,Primario,1187131
Nayarit,2016,Secundario,980788
Nayarit,2016,Terciario,2451491
Nayarit,2017,Primario,2305330
Nayarit,2017,Secundario,389528
Nayarit,2017,Terciario,503758
Nayarit,2018,Primario,2462516
Nayarit,2018,Secundario,1693148
Nayarit,2018,Terciario,224256
Nayarit,2019,Primario,225919
Nayarit,2019,Secundario,2458981
Nayarit,2019,Terciario,2127182
Nayarit,2020,Primario,2465236
Nayarit,2020,Secundario,559327
Nayarit,2020,Terciario,1858663
Nayarit,2021,Primario,908004
Nayarit,2021,Secundario,627747
Nayarit,2021,Terciario,1068131
Nayarit,2022,Primario,1357619
Nayarit,2022,Secundario,2101378
Nayarit,2022,Terciario,1128623
Nayarit,2023,Primario,1632906
Nayarit,2023,Secundario,882359
Nayarit,2023,Terciario,569747
Nuevo León,2003,Primario,810589
Nuevo León,2003,Secundario,1016692
Nuevo León,2003,Terciario,1493336
Nuevo León,2004,Primario,145025
Nuevo León,2004,Secundario,313337
Nuevo León,2004,Terciario,2484700
Nuevo León,2005,Primario,387388
Nuevo León,2005,Secundario,1640944
Nuevo León,2005,Terciario,346951
Nuevo León,2006,Primario,1240681
Nuevo León,2006,Secundario,1417725
Nuevo León,2006,Terciario,1801424
Nuevo León,2007,Primario,2128467
Nuevo León,2007,Secundario,1686515
Nuevo León,2007,Terciario,698696
Nuevo León,2008,Primario,313098
Nuevo León,2008,Secundario,183564
Nuevo León,2008,Terciario,1547153
Nuevo León,2009,Primario,40561
Nuevo León,2009,Secundario,674921
Nuevo León,2009,Terciario,2326958
Nuevo León,2010,Primario,2323830
Nuevo León,2010,Secundario,1725327
Nuevo León,2010,Terciario,971578
Nuevo León,2011,Primario,2226398
Nuevo León,2011,Secundario,637885
Nuevo León,2011,Terciario,1555581
Nuevo León,2012,Primario,1185458
Nuevo León,2012,Secundario,1784944
Nuevo León,2012,Terciario,1758247
Nuevo León,2013,Primario,2348932
Nuevo León,2013,Secundario,1122675
Nuevo León,2013,Terciario,1440585
Nuevo León,2014,Primario,1924187
Nuevo León,2014,Secundario,1970040
Nuevo León,2014,Terciario,1864037
Nuevo León,2015,Primario,744873
Nuevo León,2015,Secundario,1395723
Nuevo León,2015,Terciario,1689354
Nuevo León,2016,Primario,1114809
Nuevo León,2016,Secundario,2176114
Nuevo León,2016,Terciario,1283844
Nuevo León,2017,Primario,2128378
Nuevo León,2017,Secundario,2178488
Nuevo León,2017,Terciario,1308540
Nuevo León,2018,Primario,113812
Nuevo León,2018,Secundario,921448
Nuevo León,2018,Terciario,1643187
Nuevo León,2019,Primario,961656
Nuevo León,2019,Secundario,1381579
Nuevo León,2019,Terciario,472216
Nuevo León,2020,Primario,2396491
Nuevo León,2020,Secundario,2064415
Nuevo León,2020,Terciario,1422597
Nuevo León,2021,Primario,803413
Nuevo León,2021,Secundario,2200744
Nuevo León,2021,Terciario,1164906
Nuevo León,2022,Primario,2132872
Nuevo León,2022,Secundario,1635022
Nuevo León,2022,Terciario,1708196
Nuevo León,2023,Primario,62583
Nuevo León,2023,Secundario,2295077
Nuevo León,2023,Terciario,143548
Oaxaca,2003,Primario,516269
Oaxaca,2003,Secundario,679382
Oaxaca,2003,Terciario,934301
Oaxaca,2004,Primario,189351
Oaxaca,2004,Secundario,2035538
Oaxaca,2004,Terciario,1940241
Oaxaca,2005,Primario,1283525
Oaxaca,2005,Secundario,1432350
Oaxaca,2005,Terciario,184206
Oaxaca,2006,Primario,994289
Oaxaca,2006,Secundario,363287
Oaxaca,2006,Terciario,204564
Oaxaca,2007,Primario,2429041
Oaxaca,2007,Secundario,1444387
Oaxaca,2007,Terciario,2404093
Oaxaca,2008,Primario,254342
Oaxaca,2008,Secundario,1120135
Oaxaca,2008,Terciario,835276
Oaxaca,2009,Primario,2334873
Oaxaca,2009,Secundario,2323323
Oaxaca,2009,Terciario,1721450
Oaxaca,2010,Primario,400011
Oaxaca,2010,Secundario,310832
Oaxaca,2010,Terciario,2140994
Oaxaca,2011,Primario,660957
Oaxaca,2011,Secundario,329122
Oaxaca,2011,Terciario,165964
Oaxaca,2012,Primario,2110514
Oaxaca,2012,Secundario,2098392
Oaxaca,2012,Terciario,1720222
Oaxaca,2013,Primario,860715
Oaxaca,2013,Secundario,35985
Oaxaca,2013,Terciario,2089412
Oaxaca,2014,Primario,1022155
Oaxaca,2014,Secundario,1428364
Oaxaca,2014,Terciario,1873443
Oaxaca,2015,Primario,2417429
Oaxaca,2015,Secundario,1801720
Oaxaca,2015,Terciario,874588
Oaxaca,2016,Primario,243158
Oaxaca,2016,Secundario,926579
Oaxaca,2016,Terciario,2328779
Oaxaca,2017,Primario,1981474
Oaxaca,2017,Secundario,2075532
Oaxaca,2017,Terciario,1929710
Oaxaca,2018,Primario,1596735
Oaxaca,2018,Secundario,609101
Oaxaca,2018,Terciario,904284
Oaxaca,2019,Primario,439510
Oaxaca,2019,Secundario,44411
Oaxaca,2019,Terciario,882545
Oaxaca,2020,Primario,2262577
Oaxaca,2020,Secundario,644507
Oaxaca,2020,Terciario,1562374
Oaxaca,2021,Primario,47600
Oaxaca,2021,Secundario,829437
Oaxaca,2021,Terciario,1006535
Oaxaca,2022,Primario,1123544
Oaxaca,2022,Secundario,237752
Oaxaca,2022,Terciario,931808
Oaxaca,2023,Primario,2162075
Oaxaca,2023,Secundario,1731434
Oaxaca,2023,Terciario,2229955
Puebla,2003,Primario,2362093
Puebla,2003,Secundario,1441877
Puebla,2003,Terciario,1201418
Puebla,2004,Primario,2308117
Puebla,2004,Secundario,1367792
Puebla,2004,Terciario,1444119
Puebla,2005,Primario,963757
Puebla,2005,Secundario,2028353
Puebla,2005,Terciario,1524548
Puebla,2006,Primario,2398873
Puebla,2006,Secundario,1797720
Puebla,2006,Terciario,2018656
Puebla,2007,Primario,1585696
Puebla,2007,Secundario,1087230
Puebla,2007,Terciario,2405211
Puebla,2008,Primario,1897270
Puebla,2008,Secundario,1087932
Puebla,2008,Terciario,1914449
Puebla,2009,Primario,994479
Puebla,2009,Secundario,366062
Puebla,2009,Terciario,1922287
Puebla,2010,Primario,379758
Puebla,2010,Secundario,1701391
Puebla,2010,Terciario,1483173
Puebla,2011,Primario,1530534
Puebla,2011,Secundario,208639
Puebla,2011,Terciario,1104807
Puebla,2012,Primario,2356760
Puebla,2012,Secundario,2307062
Puebla,2012,Terciario,1974750
Puebla,2013,Primario,52487
Puebla,2013,Secundario,1237769
Puebla,2013,Terciario,1021550
Puebla,2014,Primario,2102512
Puebla,2014,Secundario,1679280
Puebla,2014,Terciario,2192279
Puebla,2015,Primario,136626
Puebla,2015,Secundario,1811440
Puebla,2015,Terciario,132299
Puebla,2016,Primario,1853607
Puebla,2016,Secundario,113721
Puebla,2016,Terciario,968980
Puebla,2017,Primario,600104
Puebla,2017,Secundario,1712923
Puebla,2017,Terciario,217730
Puebla,2018,Primario,2153743
Puebla,2018,Secundario,1076488
Puebla,2018,Terciario,1206635
Puebla,2019,Primario,1075200
Puebla,2019,Secundario,908646
Puebla,2019,Terciario,1313968
Puebla,2020,Primario,911082
Puebla,2020,Secundario,878793
Puebla,2020,Terciario,2463986
Puebla,2021,Primario,553609
Puebla,2021,Secundario,2388484
Puebla,2021,Terciario,827500
Puebla,2022,Primario,378127
Puebla,2022,Secundario,2104384
Puebla,2022,Terciario,212509
Puebla,2023,Primario,722911
Puebla,2023,Secundario,501277
Puebla,2023,Terciario,577165
Querétaro,2003,Primario,1187692
Querétaro,2003,Secundario,250312
Querétaro,2003,Terciario,1022737
Querétaro,2004,Primario,733711
Querétaro,2004,Secundario,1036563
Querétaro,2004,Terciario,1730392
Querétaro,2005,Primario,1767161
Querétaro,2005,Secundario,2162627
Querétaro,2005,Terciario,116801
Querétaro,2006,Primario,959840
Querétaro,2006,Secundario,79438
Querétaro,2006,Terciario,715554
Querétaro,2007,Primario,471902
Querétaro,2007,Secundario,908301
Querétaro,2007,Terciario,63934
Querétaro,2008,Primario,2170376
Querétaro,2008,Secundario,1289003
Querétaro,2008,Terciario,2428232
Querétaro,2009,Primario,785558
Querétaro,2009,Secundario,1548832
Querétaro,2009,Terciario,103484
Querétaro,2010,Primario,888038
Querétaro,2010,Secundario,1008952
Querétaro,2010,Terciario,993301
Querétaro,2011,Primario,2144309
Querétaro,2011,Secundario,249644
Querétaro,2011,Terciario,1889310
Querétaro,2012,Primario,106166
Querétaro,2012,Secundario,2457716
Querétaro,2012,Terciario,1862151
Querétaro,2013,Primario,1219564
Querétaro,2013,Secundario,1598610
Querétaro,2013,Terciario,2129064
Querétaro,2014,Primario,366294
Querétaro,2014,Secundario,231514
Querétaro,2014,Terciario,62945
Querétaro,2015,Primario,1888285
Querétaro,2015,Secundario,1467246
Querétaro,2015,Terciario,2177879
Querétaro,2016,Primario,958882
Querétaro,2016,Secundario,1513428
Querétaro,2016,Terciario,1835443
Querétaro,2017,Primario,699332
Querétaro,2017,Secundario,1342443
Querétaro,2017,Terciario,849963
Querétaro,2018,Primario,2315979
Querétaro,2018,Secundario,915169
Querétaro,2018,Terciario,1299954
Querétaro,2019,Primario,289153
Querétaro,2019,Secundario,996211
Querétaro,2019,Terciario,1453400
Querétaro,2020,Primario,1537736
Querétaro,2020,Secundario,127507
Querétaro,2020,Terciario,1918933
Querétaro,2021,Primario,240956
Querétaro,2021,Secundario,1098315
Querétaro,2021,Terciario,2424805
Querétaro,2022,Primario,1605155
Querétaro,2022,Secundario,576413
Querétaro,2022,Terciario,1380766
Querétaro,2023,Primario,1618199
Querétaro,2023,Secundario,1925379
Querétaro,2023,Terciario,568373
Quintana Roo,2003,Primario,833980
Quintana Roo,2003,Secundario,2010794
Quintana Roo,2003,Terciario,559605
Quintana Roo,2004,Primario,414649
Quintana Roo,2004,Secundario,1908156
Quintana Roo,2004,Terciario,2470772
Quintana Roo,2005,Primario,309302
Quintana Roo,2005,Secundario,392023
Quintana Roo,2005,Terciario,1063461
Quintana Roo,2006,Primario,469492
Quintana Roo,2006,Secundario,869956
Quintana Roo,2006,Terciario,1075540
Quintana Roo,2007,Primario,452360
Quintana Roo,2007,Secundario,1146705
Quintana Roo,2007,Terciario,944812
Quintana Roo,2008,Primario,692466
Quintana Roo,2008,Secundario,1808531
Quintana Roo,2008,Terciario,2197209
Quintana Roo,2009,Primario,1313777
Quintana Roo,2009,Secundario,2451250
Quintana Roo,2009,Terciario,1490791
Quintana Roo,2010,Primario,2498568
Quintana Roo,2010,Secundario,102013
Quintana Roo,2010,Terciario,295137
Quintana Roo,2011,Primario,462634
Quintana Roo,2011,Secundario,2137947
Quintana Roo,2011,Terciario,89657
Quintana Roo,2012,Primario,2086455
Quintana Roo,2012,Secundario,1794147
Quintana Roo,2012,Terciario,774904
Quintana Roo,2013,Primario,920556
Quintana Roo,2013,Secundario,2177806
Quintana Roo,2013,Terciario,582520
Quintana Roo,2014,Primario,1116552
Quintana Roo,2014,Secundario,1263768
Quintana Roo,2014,Terciario,2210399
Quintana Roo,2015,Primario,2232307
Quintana Roo,2015,Secundario,2159182
Quintana Roo,2015,Terciario,1620413
Quintana Roo,2016,Primario,525827
Quintana Roo,2016,Secundario,1918584
Quintana Roo,2016,Terciario,2108552
Quintana Roo,2017,Primario,1586781
Quintana Roo,2017,Secundario,1144745
Quintana Roo,2017,Terciario,2468445
Quintana Roo,2018,Primario,2198898
Quintana Roo,2018,Secundario,419478
Quintana Roo,2018,Terciario,203436
Quintana Roo,2019,Primario,2084604
Quintana Roo,2019,Secundario,1830753
Quintana Roo,2019,Terciario,2324046
Quintana Roo,2020,Primario,367280
Quintana Roo,2020,Secundario,1756230
Quintana Roo,2020,Terciario,1850069
Quintana Roo,2021,Primario,1398868
Quintana Roo,2021,Secundario,546511
Quintana Roo,2021,Terciario,1670299
Quintana Roo,2022,Primario,61734
Quintana Roo,2022,Secundario,2269923
Quintana Roo,2022,Terciario,645224
Quintana Roo,2023,Primario,1827001
Quintana Roo,2023,Secundario,1335441
Quintana Roo,2023,Terciario,1611750
San Luis Potosí,2003,Primario,1858553
San Luis Potosí,2003,Secundario,475587
San Luis Potosí,2003,Terciario,2474088
San Luis Potosí,2004,Primario,428020
San Luis Potosí,2004,Secundario,641648
San Luis Potosí,2004,Terciario,765482
San Luis Potosí,2005,Primario,1256084
San Luis Potosí,2005,Secundario,1297167
San Luis Potosí,2005,Terciario,1921836
San Luis Potosí,2006,Primario,2102574
San Luis Potosí,2006,Secundario,695938
San Luis Potosí,2006,Terciario,2279056
San Luis Potosí,2007,Primario,1705441
San Luis Potosí,2007,Secundario,1415976
San Luis Potosí,2007,Terciario,1782665
San Luis Potosí,2008,Primario,590266
San Luis Potosí,2008,Secundario,2378427
San Luis Potosí,2008,Terciario,106105
San Luis Potosí,2009,Primario,474598
San Luis Potosí,2009,Secundario,926170
San Luis Potosí,2009,Terciario,2184737
San Luis Potosí,2010,Primario,1018057
San Luis Potosí,2010,Secundario,264644
San Luis Potosí,2010,Terciario,940807
San Luis Potosí,2011,Primario,361749
San Luis Potosí,2011,Secundario,2359511
San Luis Potosí,2011,Terciario,1059383
San Luis Potosí,2012,Primario,396414
San Luis Potosí,2012,Secundario,2242287
San Luis Potosí,2012,Terciario,1990497
San Luis Potosí,2013,Primario,703413
San Luis Potosí,2013,Secundario,612597
San Luis Potosí,2013,Terciario,373669
San Luis Potosí,2014,Primario,1213353
San Luis Potosí,2014,Secundario,2127607
San Luis Potosí,2014,Terciario,735621
San Luis Potosí,2015,Primario,2374658
San Luis Potosí,2015,Secundario,902563
San Luis Potosí,2015,Terciario,751781
San Luis Potosí,2016,Primario,1230219
San Luis Potosí,2016,Secundario,1830928
San Luis Potosí,2016,Terciario,2482801
San Luis Potosí,2017,Primario,616802
San Luis Potosí,2017,Secundario,1950771
San Luis Potosí,2017,Terciario,824020
San Luis Potosí,2018,Primario,1114180
San Luis Potosí,2018,Secundario,2418537
San Luis Potosí,2018,Terciario,1142040
San Luis Potosí,2019,Primario,2426794
San Luis Potosí,2019,Secundario,490551
San Luis Potosí,2019,Terciario,790757
San Luis Potosí,2020,Primario,878989
San Luis Potosí,2020,Secundario,2401715
San Luis Potosí,2020,Terciario,845248
San Luis Potosí,2021,Primario,1106303
San Luis Potosí,2021,Secundario,2033071
San Luis Potosí,2021,Terciario,420799
San Luis Potosí,2022,Primario,2357912
San Luis Potosí,2022,Secundario,1161873
San Luis Potosí,2022,Terciario,1999716
San Luis Potosí,2023,Primario,472152
San Luis Potosí,2023,Secundario,317333
San Luis Potosí,2023,Terciario,626354
Sinaloa,2003,Primario,2346846
Sinaloa,2003,Secundario,213662
Sinaloa,2003,Terciario,1155491
Sinaloa,2004,Primario,1792333
Sinaloa,2004,Secundario,1967686
Sinaloa,2004,Terciario,950427
Sinaloa,2005,Primario,1789758
Sinaloa,2005,Secundario,683529
Sinaloa,2005,Terciario,485017
Sinaloa,2006,Primario,2035724
Sinaloa,2006,Secundario,905822
Sinaloa,2006,Terciario,1170214
Sinaloa,2007,Primario,1657277
Sinaloa,2007,Secundario,561328
Sinaloa,2007,Terciario,1952475
Sinaloa,2008,Primario,155993
Sinaloa,2008,Secundario,1838626
Sinaloa,2008,Terciario,688987
Sinaloa,2009,Primario,1577387
Sinaloa,2009,Secundario,432956
Sinaloa,2009,Terciario,1762248
Sinaloa,2010,Primario,2255506
Sinaloa,2010,Secundario,514501
Sinaloa,2010,Terciario,2303106
Sinaloa,2011,Primario,1739617
Sinaloa,2011,Secundario,485348
Sinaloa,2011,Terciario,1440970
Sinaloa,2012,Primario,2028710
Sinaloa,2012,Secundario,1996507
Sinaloa,2012,Terciario,1546498
Sinaloa,2013,Primario,1437013
Sinaloa,2013,Secundario,937057
Sinaloa,2013,Terciario,1165861
Sinaloa,2014,Primario,342596
Sinaloa,2014,Secundario,1981212
Sinaloa,2014,Terciario,1925124
Sinaloa,2015,Primario,1708137
Sinaloa,2015,Secundario,2002042
Sinaloa,2015,Terciario,1938690
Sinaloa,2016,Primario,2257152
Sinaloa,2016,Secundario,466937
Sinaloa,2016,Terciario,787112
Sinaloa,2017,Primario,1232716
Sinaloa,2017,Secundario,2159055
Sinaloa,2017,Terciario,1949205
Sinaloa,2018,Primario,2180100
Sinaloa,2018,Secundario,1288640
Sinaloa,2018,Terciario,389027
Sinaloa,2019,Primario,764458
Sinaloa,2019,Secundario,635933
Sinaloa,2019,Terciario,1977028
Sinaloa,2020,Primario,1338968
Sinaloa,2020,Secundario,139066
Sinaloa,2020,Terciario,771410
Sinaloa,2021,Primario,1138081
Sinaloa,2021,Secundario,2471999
Sinaloa,2021,Terciario,1286265
Sinaloa,2022,Primario,1511753
Sinaloa,2022,Secundario,84787
Sinaloa,2022,Terciario,1381667
Sinaloa,2023,Primario,1120968
Sinaloa,2023,Secundario,415616
Sinaloa,2023,Terciario,1456636
Sonora,2003,Primario,668815
Sonora,2003,Secundario,301243
Sonora,2003,Terciario,1655143
Sonora,2004,Primario,697238
Sonora,2004,Secundario,564158
Sonora,2004,Terciario,1055823
Sonora,2005,Primario,1224166
Sonora,2005,Secundario,2173721
Sonora,2005,Terciario,1900422
Sonora,2006,Primario,2388043
Sonora,2006,Secundario,851061
Sonora,2006,Terciario,2094449
Sonora,2007,Primario,795372
Sonora,2007,Secundario,338528
Sonora,2007,Terciario,1842600
Sonora,2008,Primario,2424603
Sonora,2008,Secundario,20134
Sonora,2008,Terciario,380819
Sonora,2009,Primario,1046038
Sonora,2009,Secundario,1433596
Sonora,2009,Terciario,2041330
Sonora,2010,Primario,1806134
Sonora,2010,Secundario,152417
Sonora,2010,Terciario,1094118
Sonora,2011,Primario,591498
Sonora,2011,Secundario,1163128
Sonora,2011,Terciario,1880855
Sonora,2012,Primario,2003975
Sonora,2012,Secundario,111106
Sonora,2012,Terciario,580831
Sonora,2013,Primario,318376
Sonora,2013,Secundario,2223869
Sonora,2013,Terciario,2436283
Sonora,2014,Primario,2454717
Sonora,2014,Secundario,967863
Sonora,2014,Terciario,925612
Sonora,2015,Primario,1859764
Sonora,2015,Secundario,2125172
Sonora,2015,Terciario,49586
Sonora,2016,Primario,96871
Sonora,2016,Secundario,2167805
Sonora,2016,Terciario,1186973
Sonora,2017,Primario,2484606
Sonora,2017,Secundario,902584
Sonora,2017,Terciario,2446162
Sonora,2018,Primario,1172605
Sonora,2018,Secundario,2496953
Sonora,2018,Terciario,1156703
Sonora,2019,Primario,2453870
Sonora,2019,Secundario,2338770
Sonora,2019,Terciario,1009212
Sonora,2020,Primario,2057900
Sonora,2020,Secundario,2413618
Sonora,2020,Terciario,613289
Sonora,2021,Primario,792739
Sonora,2021,Secundario,1777348
Sonora,2021,Terciario,451834
Sonora,2022,Primario,1953066
Sonora,2022,Secundario,1806071
Sonora,2022,Terciario,1885294
Sonora,2023,Primario,80733
Sonora,2023,Secundario,1869762
Sonora,2023,Terciario,669465
Tabasco,2003,Primario,1771697
Tabasco,2003,Secundario,398812
Tabasco,2003,Terciario,1042917
Tabasco,2004,Primario,412763
Tabasco,2004,Secundario,1536159
Tabasco,2004,Terciario,457110
Tabasco,2005,Primario,1068877
Tabasco,2005,Secundario,500657
Tabasco,2005,Terciario,1345612
Tabasco,2006,Primario,2304892
Tabasco,2006,Secundario,2342378
Tabasco,2006,Terciario,1192035
Tabasco,2007,Primario,1569407
Tabasco,2007,Secundario,1924104
Tabasco,2007,Terciario,1708710
Tabasco,2008,Primario,1095515
Tabasco,2008,Secundario,506798
Tabasco,2008,Terciario,236783
Tabasco,2009,Primario,194737
Tabasco,2009,Secundario,1378867
Tabasco,2009,Terciario,1380761
Tabasco,2010,Primario,178439
Tabasco,2010,Secundario,2202035
Tabasco,2010,Terciario,2147268
Tabasco,2011,Primario,53673
Tabasco,2011,Secundario,2135899
Tabasco,2011,Terciario,1289430
Tabasco,2012,Primario,234691
Tabasco,2012,Secundario,1541114
Tabasco,2012,Terciario,469543
Tabasco,2013,Primario,1356686
Tabasco,2013,Secundario,1246957
Tabasco,2013,Terciario,969171
Tabasco,2014,Primario,1444417
Tabasco,2014,Secundario,1051069
Tabasco,2014,Terciario,1430825
Tabasco,2015,Primario,1097716
Tabasco,2015,Secundario,1047211
Tabasco,2015,Terciario,2410572
Tabasco,2016,Primario,839362
Tabasco,2016,Secundario,918024
Tabasco,2016,Terciario,2170015
Tabasco,2017,Primario,1518516
Tabasco,2017,Secundario,1050050
Tabasco,2017,Terciario,745482
Tabasco,2018,Primario,1051363
Tabasco,2018,Secundario,1297866
Tabasco,2018,Terciario,191162
Tabasco,2019,Primario,294868
Tabasco,2019,Secundario,450380
Tabasco,2019,Terciario,450463
Tabasco,2020,Primario,396070
Tabasco,2020,Secundario,2205158
Tabasco,2020,Terciario,1972985
Tabasco,2021,Primario,824754
Tabasco,2021,Secundario,1201867
Tabasco,2021,Terciario,1961764
Tabasco,2022,Primario,1909924
Tabasco,2022,Secundario,2032320
Tabasco,2022,Terciario,928044
Tabasco,2023,Primario,1582598
Tabasco,2023,Secundario,517837
Tabasco,2023,Terciario,1726015
Tamaulipas,2003,Primario,1929822
Tamaulipas,2003,Secundario,2336335
Tamaulipas,2003,Terciario,2194976
Tamaulipas,2004,Primario,2025969
Tamaulipas,2004,Secundario,251908
Tamaulipas,2004,Terciario,672123
Tamaulipas,2005,Primario,2085061
Tamaulipas,2005,Secundario,1864115
Tamaulipas,2005,Terciario,577927
Tamaulipas,2006,Primario,1088118
Tamaulipas,2006,Secundario,422802
Tamaulipas,2006,Terciario,1786124
Tamaulipas,2007,Primario,1657454
Tamaulipas,2007,Secundario,2474326
Tamaulipas,2007,Terciario,309738
Tamaulipas,2008,Primario,1166310
Tamaulipas,2008,Secundario,1414265
Tamaulipas,2008,Terciario,1734629
Tamaulipas,2009,Primario,1420926
Tamaulipas,2009,Secundario,2043563
Tamaulipas,2009,Terciario,324378
Tamaulipas,2010,Primario,641083
Tamaulipas,2010,Secundario,1048295
Tamaulipas,2010,Terciario,498652
Tamaulipas,2011,Primario,375296
Tamaulipas,2011,Secundario,722772
Tamaulipas,2011,Terciario,783746
Tamaulipas,2012,Primario,35790
Tamaulipas,2012,Secundario,1590411
Tamaulipas,2012,Terciario,1475762
Tamaulipas,2013,Primario,2389561
Tamaulipas,2013,Secundario,775734
Tamaulipas,2013,Terciario,1185079
Tamaulipas,2014,Primario,450283
Tamaulipas,2014,Secundario,2184277
Tamaulipas,2014,Terciario,1573031
Tamaulipas,2015,Primario,1878951
Tamaulipas,2015,Secundario,42061
Tamaulipas,2015,Terciario,703720
Tamaulipas,2016,Primario,1291231
Tamaulipas,2016,Secundario,681585
Tamaulipas,2016,Terciario,2358471
Tamaulipas,2017,Primario,1641469
Tamaulipas,2017,Secundario,1864572
Tamaulipas,2017,Terciario,1322479
Tamaulipas,2018,Primario,477876
Tamaulipas,2018,Secundario,1738625
Tamaulipas,2018,Terciario,217036
Tamaulipas,2019,Primario,170983
Tamaulipas,2019,Secundario,1788963
Tamaulipas,2019,Terciario,656975
Tamaulipas,2020,Primario,1148854
Tamaulipas,2020,Secundario,311023
Tamaulipas,2020,Terciario,424113
Tamaulipas,2021,Primario,1285935
Tamaulipas,2021,Secundario,621481
Tamaulipas,2021,Terciario,1609821
Tamaulipas,2022,Primario,454788
Tamaulipas,2022,Secundario,597141
Tamaulipas,2022,Terciario,1116176
Tamaulipas,2023,Primario,2272851
Tamaulipas,2023,Secundario,2202334
Tamaulipas,2023,Terciario,1480293
Tlaxcala,2003,Primario,576990
Tlaxcala,2003,Secundario,1373474
Tlaxcala,2003,Terciario,709396
Tlaxcala,2004,Primario,2270648
Tlaxcala,2004,Secundario,1873767
Tlaxcala,2004,Terciario,1365551
Tlaxcala,2005,Primario,1377359
Tlaxcala,2005,Secundario,938952
Tlaxcala,2005,Terciario,587358
Tlaxcala,2006,Primario,2473330
Tlaxcala,2006,Secundario,56067
Tlaxcala,2006,Terciario,2281689
Tlaxcala,2007,Primario,714909
Tlaxcala,2007,Secundario,669852
Tlaxcala,2007,Terciario,666022
Tlaxcala,2008,Primario,2357719
Tlaxcala,2008,Secundario,2345168
Tlaxcala,2008,Terciario,2091723
Tlaxcala,2009,Primario,2325950
Tlaxcala,2009,Secundario,416294
Tlaxcala,2009,Terciario,99415
Tlaxcala,2010,Primario,92428
Tlaxcala,2010,Secundario,1045614
Tlaxcala,2010,Terciario,784743
Tlaxcala,2011,Primario,1984103
Tlaxcala,2011,Secundario,40226
Tlaxcala,2011,Terciario,522238
Tlaxcala,2012,Primario,911276
Tlaxcala,2012,Secundario,1368063
Tlaxcala,2012,Terciario,301415
Tlaxcala,2013,Primario,1835010
Tlaxcala,2013,Secundario,2246692
Tlaxcala,2013,Terciario,931807
Tlaxcala,2014,Primario,2073116
Tlaxcala,2014,Secundario,658813
Tlaxcala,2014,Terciario,969159
Tlaxcala,2015,Primario,1967623
Tlaxcala,2015,Secundario,771737
Tlaxcala,2015,Terciario,1884090
Tlaxcala,2016,Primario,1347053
Tlaxcala,2016,Secundario,734251
Tlaxcala,2016,Terciario,651942
Tlaxcala,2017,Primario,1870120
Tlaxcala,2017,Secundario,1874773
Tlaxcala,2017,Terciario,903173
Tlaxcala,2018,Primario,1727397
Tlaxcala,2018,Secundario,1304991
Tlaxcala,2018,Terciario,1185636
Tlaxcala,2019,Primario,1513222
Tlaxcala,2019,Secundario,2054478
Tlaxcala,2019,Terciario,1797578
Tlaxcala,2020,Primario,1162547
Tlaxcala,2020,Secundario,2278173
Tlaxcala,2020,Terciario,96216
Tlaxcala,2021,Primario,205291
Tlaxcala,2021,Secundario,539093
Tlaxcala,2021,Terciario,1996783
Tlaxcala,2022,Primario,1155559
Tlaxcala,2022,Secundario,1800308
Tlaxcala,2022,Terciario,384953
Tlaxcala,2023,Primario,2288232
Tlaxcala,2023,Secundario,1711252
Tlaxcala,2023,Terciario,775664
Veracruz,2003,Primario,1148361
Veracruz,2003,Secundario,2082013
Veracruz,2003,Terciario,201189
Veracruz,2004,Primario,503595
Veracruz,2004,Secundario,1285507
Veracruz,2004,Terciario,2142291
Veracruz,2005,Primario,1362090
Veracruz,2005,Secundario,1987877
Veracruz,2005,Terciario,443680
Veracruz,2006,Primario,447151
Veracruz,2006,Secundario,2296440
Veracruz,2006,Terciario,1645974
Veracruz,2007,Primario,1224750
Veracruz,2007,Secundario,1291783
Veracruz,2007,Terciario,24010
Veracruz,2008,Primario,1750677
Veracruz,2008,Secundario,303081
Veracruz,2008,Terciario,1373510
Veracruz,2009,Primario,182271
Veracruz,2009,Secundario,702866
Veracruz,2009,Terciario,695357
Veracruz,2010,Primario,1744679
Veracruz,2010,Secundario,1442893
Veracruz,2010,Terciario,474197
Veracruz,2011,Primario,1997455
Veracruz,2011,Secundario,2383229
Veracruz,2011,Terciario,2158235
Veracruz,2012,Primario,148129
Veracruz,2012,Secundario,1877211
Veracruz,2012,Terciario,2396070
Veracruz,2013,Primario,452038
Veracruz,2013,Secundario,1453501
Veracruz,2013,Terciario,226683
Veracruz,2014,Primario,898341
Veracruz,2014,Secundario,2169816
Veracruz,2014,Terciario,430130
Veracruz,2015,Primario,880035
Veracruz,2015,Secundario,2025773
Veracruz,2015,Terciario,174256
Veracruz,2016,Primario,1672026
Veracruz,2016,Secundario,287142
Veracruz,2016,Terciario,1262352
Veracruz,2017,Primario,2453879
Veracruz,2017,Secundario,1914752
Veracruz,2017,Terciario,1559891
Veracruz,2018,Primario,2307268
Veracruz,2018,Secundario,462590
Veracruz,2018,Terciario,618322
Veracruz,2019,Primario,2120180
Veracruz,2019,Secundario,920733
Veracruz,2019,Terciario,417619
Veracruz,2020,Primario,808758
Veracruz,2020,Secundario,701779
Veracruz,2020,Terciario,190765
Veracruz,2021,Primario,1478195
Veracruz,2021,Secundario,1315169
Veracruz,2021,Terciario,2251120
Veracruz,2022,Primario,2347682
Veracruz,2022,Secundario,1234215
Veracruz,2022,Terciario,976547
Veracruz,2023,Primario,909092
Veracruz,2023,Secundario,939465
Veracruz,2023,Terciario,2085717
Yucatán,2003,Primario,1058507
Yucatán,2003,Secundario,1254097
Yucatán,2003,Terciario,437870
Yucatán,2004,Primario,1147593
Yucatán,2004,Secundario,253688
Yucatán,2004,Terciario,295307
Yucatán,2005,Primario,1649412
Yucatán,2005,Secundario,364277
Yucatán,2005,Terciario,1122732
Yucatán,2006,Primario,896675
Yucatán,2006,Secundario,792270
Yucatán,2006,Terciario,918941
Yucatán,2007,Primario,1447964
Yucatán,2007,Secundario,2291220
Yucatán,2007,Terciario,358868
Yucatán,2008,Primario,2136686
Yucatán,2008,Secundario,1531147
Yucatán,2008,Terciario,1768954
Yucatán,2009,Primario,1455684
Yucatán,2009,Secundario,180691
Yucatán,2009,Terciario,2006690
Yucatán,2010,Primario,677803
Yucatán,2010,Secundario,142914
Yucatán,2010,Terciario,195399
Yucatán,2011,Primario,2266817
Yucatán,2011,Secundario,2305273
Yucatán,2011,Terciario,153236
Yucatán,2012,Primario,1824185
Yucatán,2012,Secundario,263637
Yucatán,2012,Terciario,1919979
Yucatán,2013,Primario,2417223
Yucatán,2013,Secundario,967434
Yucatán,2013,Terciario,2132230
Yucatán,2014,Primario,924303
Yucatán,2014,Secundario,2053106
Yucatán,2014,Terciario,1107035
Yucatán,2015,Primario,1957262
Yucatán,2015,Secundario,986831
Yucatán,2015,Terciario,1720433
Yucatán,2016,Primario,782385
Yucatán,2016,Secundario,219762
Yucatán,2016,Terciario,521127
Yucatán,2017,Primario,1681819
Yucatán,2017,Secundario,2466786
Yucatán,2017,Terciario,419915
Yucatán,2018,Primario,2090455
Yucatán,2018,Secundario,549963
Yucatán,2018,Terciario,1913313
Yucatán,2019,Primario,1901460
Yucatán,2019,Secundario,2405325
Yucatán,2019,Terciario,535392
Yucatán,2020,Primario,294184
Yucatán,2020,Secundario,2105944
Yucatán,2020,Terciario,1947899
Yucatán,2021,Primario,2353970
Yucatán,2021,Secundario,2430862
Yucatán,2021,Terciario,889859
Yucatán,2022,Primario,30275
Yucatán,2022,Secundario,35550
Yucatán,2022,Terciario,2310948
Yucatán,2023,Primario,82256
Yucatán,2023,Secundario,375140
Yucatán,2023,Terciario,346585
Zacatecas,2003,Primario,2479446
Zacatecas,2003,Secundario,2161438
Zacatecas,2003,Terciario,755578
Zacatecas,2004,Primario,745793
Zacatecas,2004,Secundario,679117
Zacatecas,2004,Terciario,1896382
Zacatecas,2005,Primario,2437469
Zacatecas,2005,Secundario,515664
Zacatecas,2005,Terciario,922970
Zacatecas,2006,Primario,2463516
Zacatecas,2006,Secundario,2237282
Zacatecas,2006,Terciario,2398627
Zacatecas,2007,Primario,1706813
Zacatecas,2007,Secundario,1029312
Zacatecas,2007,Terciario,912314
Zacatecas,2008,Primario,993169
Zacatecas,2008,Secundario,2146792
Zacatecas,2008,Terciario,704126
Zacatecas,2009,Primario,1839172
Zacatecas,2009,Secundario,2162405
Zacatecas,2009,Terciario,1131075
Zacatecas,2010,Primario,2351577
Zacatecas,2010,Secundario,2305119
Zacatecas,2010,Terciario,1259509
Zacatecas,2011,Primario,2095950
Zacatecas,2011,Secundario,429000
Zacatecas,2011,Terciario,1521380
Zacatecas,2012,Primario,265428
Zacatecas,2012,Secundario,2319180
Zacatecas,2012,Terciario,1377189
Zacatecas,2013,Primario,1896422
Zacatecas,2013,Secundario,709503
Zacatecas,2013,Terciario,179197
Zacatecas,2014,Primario,2006093
Zacatecas,2014,Secundario,234641
Zacatecas,2014,Terciario,495377
Zacatecas,2015,Primario,1903003
Zacatecas,2015,Secundario,925138
Zacatecas,2015,Terciario,226442
Zacatecas,2016,Primario,1323297
Zacatecas,2016,Secundario,254180
Zacatecas,2016,Terciario,62510
Zacatecas,2017,Primario,549909
Zacatecas,2017,Secundario,271197
Zacatecas,2017,Terciario,680246
Zacatecas,2018,Primario,368635
Zacatecas,2018,Secundario,876499
Zacatecas,2018,Terciario,2046255
Zacatecas,2019,Primario,530890
Zacatecas,2019,Secundario,1249807
Zacatecas,2019,Terciario,650193
Zacatecas,2020,Primario,778218
Zacatecas,2020,Secundario,2319297
Zacatecas,2020,Terciario,2033001
Zacatecas,2021,Primario,2041454
Zacatecas,2021,Secundario,1313986
Zacatecas,2021,Terciario,326684
Zacatecas,2022,Primario,1318056
Zacatecas,2022,Secundario,1970531
Zacatecas,2022,Terciario,2203647
Zacatecas,2023,Primario,2175537
Zacatecas,2023,Secundario,1671638
Zacatecas,2023,Terciario,1734475
